title,content,author,date,url
Điều trị rối loạn giọng nói tuổi dậy thì thế nào? ,"Rối loạn giọng nói là tình trạng giọng nói thay đổi khác thường về tần số, cường độ, âm sắc, chất lượng. Ở tuổi dậy thì, cơ thể trải qua nhiều thay đổi, trong đó có giọng nói. Đây là kết quả của sự biến đổi hormone xảy ra trong thời kỳ dậy thì. Trẻ nam có dấu hiệu giọng cao, thanh mảnh, yếu. Ngược lại, trẻ nữ có giọng trầm khàn.Chẩn đoán rối loạn giọng nói ở tuổi dậy thì đòi hỏi sự đánh giá toàn diện của bác sĩ chuyên khoa tai mũi họng. Bác sĩ xem xét tiền sử bệnh, khám lâm sàng các cơ vùng cổ, nội soi tai mũi họng, nội soi hoạt nghiệm thanh quản để đánh giá cấu trúc thanh quản. Hoặc bác sĩ đo thời gian phát âm tối đa, kiểm tra mức độ rối loạn giọng, ghi âm, phân tích giọng nói qua phần mềm Divas. Người bệnh cũng được đánh giá sự dai dẳng của các triệu chứng, tác động của rối loạn giọng nói đến các hoạt động thường ngày.Điều trị rối loạn giọng nói tuổi dậy thì chủ yếu là trị liệu nhằm giúp trẻ sử dụng giọng nói nhất quán, thoải mái, phù hợp với độ tuổi, giới tính. Phương pháp này bao gồm các buổi trị liệu giọng nói thường xuyên, diễn ra khoảng 45 phút với tần suất một buổi mỗi tuần. Sau đó, trẻ tự tập tại nhà mỗi lần 30 phút với tần suất hai buổi một ngày.Các kỹ thuật trị liệu gồm hạ thấp thanh quản kết hợp phát âm nguyên âm, hạ thấp âm vực, rung môi, bài tập thở, tập ngáp, massage vùng cơ vùng cổ, tạo ra âm thanh  (cao độ thấp nhất có thể). Bài tập thao tác bằng ngón tay trên sụn tuyến giáp trong quá trình phát âm nguyên âm, bài tập cộng hưởng. Số buổi trị liệu khác nhau tùy trường hợp người bệnh.Khi các kỹ thuật trị liệu này không hiệu quả, bác sĩ xem xét phẫu thuật. Đây là phương pháp cuối cùng nhằm thay đổi cấu trúc của thanh quản và dây thanh quản để giọng trầm hơn. Phẫu thuật thường dành cho các trường hợp  nghiêm trọng. Nếu tình trạng này xảy ra ở tuổi dậy thì do hormone sinh dục nam, người bệnh được bổ sung hormone nhằm cải thiện bệnh.Rối loạn giọng nói tuổi dậy thì như con bạn tuy không nguy hiểm nhưng tác động đến tâm lý, cảm xúc khiến trẻ tự ti, căng thẳng, ngại giao tiếp. Bạn nên đưa con đi khám sớm để có phương pháp điều trị phù hợp. Điều chỉnh rối loạn giọng nói ở trẻ tuổi dậy thì thường có tỷ lệ thành công cao và nhanh chóng phục hồi hơn, giúp trẻ có giọng nói phù hợp giới tính, lứa tuổi, tự tin hơn.",Trả lời,"Thứ tư, 14/8/2024, 08:00 (GMT+7)",https://vnexpress.net/dieu-tri-roi-loan-giong-noi-tuoi-day-thi-the-nao-4781180.html
Thở khí dung tại nhà được không? ,"Khí dung là phương pháp sử dụng máy khuếch tán thuốc dưới dạng sương mù, tác động trực tiếp vào niêm mạc đường hô hấp. Thuốc dưới dạng sương sẽ bám dính lớp lông trên niêm mạc đường hô hấp, tác động trực tiếp lên vùng viêm nhiễm, hỗ trợ giảm triệu chứng, nhanh hồi phục.Đây là phương pháp điều trị được bác sĩ chỉ định cho người bệnh đường hô hấp như viêm mũi họng, viêm mũi xoang, viêm thanh quản, viêm phế quản hoặc một số trường hợp cần làm loãng đờm, hen cấp tính. Thở khí dung phù hợp cho người lớn và trẻ em. Tại bệnh viện, người bệnh được điều dưỡng hướng dẫn, hỗ trợ để quá trình thở khí dung dễ chịu và đúng kỹ thuật.Nếu bạn viêm mũi họng, muốn thực hiện phun khí dung tại nhà bằng máy phun khí dung thì cần tuân thủ chỉ định của bác sĩ về liều lượng thuốc và số lần. Tùy mức độ, tình trạng bệnh, bác sĩ chỉ định loại thuốc và liều lượng khác nhau. Bạn không tự ý sử dụng thuốc để thở khí dung. Phương pháp này có quy định chặt chẽ về chống nhiễm trùng. Sau mỗi lần thở khí dung tại nhà, bạn nên vệ sinh máy.Người bệnh thở khí dung tại nhà không đúng chỉ định của bác sĩ, không đúng kỹ thuật, có nguy cơ tắc nghẽn đường thở do đờm, làm tăng hấp thụ nước khi nước được đưa vào cơ thể do phun khí dung. Người bệnh hen suyễn có thể bị co thắt phế quản do các hạt khí dung gây ra. Virus, vi khuẩn, nấm từ môi trường dễ xâm nhập vào đường hô hấp gây nhiễm trùng.Người bệnh nên ngừng thở khí dung khi đang thực hiện mà ho nhiều hoặc thuốc  sủi bọt vì có thể thuốc đang có vấn đề. Không lạm dụng vì dễ khiến lệ thuộc thuốc, về lâu dài gây tổn thương phổi, giảm chức năng khứu giác. Người bệnh cần ngồi đúng tư thế khi dùng máy, kiểm tra loại thuốc và lưu lượng, súc miệng, rửa mặt sau khi thở khí dung.Bác sĩ không khuyến khích người bệnh hen suyễn thở khí dung ở nhà khi chưa tham khảo ý kiến. Trong một số trường hợp,  sinh lý (Natri clorid - NaCl 0,9%) cũng được nhiều người bệnh sử dụng để làm sạch, sát khuẩn. Xông khí dung bằng nước muối sinh lý giúp nước muối dễ dàng thẩm thấu, làm sạch niêm mạc họng và khí quản.Sử dụng máy phun khí dung tại nhà là cách dùng thuốc thuận tiện, hiệu quả. Tuy nhiên, để thực hiện đúng cách, người bệnh cần tham khảo ý kiến bác sĩ về loại máy, loại thuốc và tần suất.",Trả lời:,"Thứ ba, 30/7/2024, 09:00 (GMT+7)",https://vnexpress.net/tho-khi-dung-tai-nha-duoc-khong-4775466.html
Vệ sinh răng miệng kỹ sao hơi thở vẫn có mùi? ,"Hơi thở có mùi hôi khó chịu rất phổ biến, ảnh hưởng đến mọi người. Nguyên nhân thường do vệ sinh răng miệng không đúng cách, không đầy đủ, viêm nha chu (nhiễm trùng nướu răng), lưỡi bẩn, các bệnh lý vùng tai, mũi và họng, amidan....Viêm amidan mạn tính, sỏi amidan gây hôi miệng do liên cầu khuẩn hoặc virus tích tụ ở các hốc amidan sinh ra mủ tạo mùi khó chịu. Sỏi amidan gây mùi hôi do những cặn bã từ thức ăn, vi khuẩn và tế bào chết tích tụ, bị mắc kẹt trong các hốc amidan. Trong trường hợp viêm amidan mạn tính, loại bỏ các hốc sâu, nơi chứa các tế bào bong tróc, mảnh vụn và vi khuẩn rất quan trọng để điều trị hôi miệng và các triệu chứng khác. Tùy tình trạng bệnh, bác sĩ chuyên khoa tai mũi họng chỉ định cách điều trị phù hợp.Các bệnh tai mũi họng khác như  mạn tính tiết ra chất nhầy có mủ và có mùi hôi, chảy dịch mũi sau, viêm họng do trào ngược dạ dày thực quản cũng là yếu tố nguy cơ khiến miệng có mùi khó chịu. Tình trạng này còn do các bệnh về đường tiêu hóa khác bao gồm rối loạn chuyển hóa, gan, nội tiết... Người thường hút thuốc, uống rượu và cà phê, ăn thực phẩm có vị nặng như hành, tỏi, tỏi tây, thức ăn giàu chất béo cũng làm tăng khả năng có mùi hơi thở.Như vậy, hôi miệng thường do rất nhiều nguyên nhân nên chỉ vệ sinh răng miệng kỹ không giúp bạn hết nặng mùi hơi thở. Để điều trị hôi miệng, bạn có thể đến bác sĩ nha khoa để kiểm tra sức khỏe răng miệng. Sau đó, bạn đi khám chuyên khoa tai mũi họng để kiểm tra, , chẩn đoán đúng bệnh (nếu có) và điều trị phù hợp.Bạn không nên hút thuốc lá, không uống rượu bia, hạn chế ăn thực phẩm nặng mùi, duy trì vệ sinh răng miệng hai lần mỗi ngày. Dùng chỉ nha khoa, nước súc miệng sau khi ăn để loại trừ mảng bám, không mở miệng khi ngủ góp phần ngăn ngừa hơi thở có mùi.",Trả lời,"Thứ tư, 7/8/2024, 08:00 (GMT+7)",https://vnexpress.net/ve-sinh-rang-mieng-ky-sao-hoi-tho-van-co-mui-4778484.html
Viêm mũi họng thường xuyên do VA không tiêu biến ,"Kết quả nội soi tai mũi họng tại Bệnh viện Đa khoa Tâm Anh TP HCM ghi nhận anh Đồng bị VA tồn dư và viêm sung huyết.VA là tổ chức lympho ở vòm mũi họng, vị trí cửa mũi sau. Ngày 3/8, ThS.BS.CKI Phạm Thái Duy, Trung tâm Tai Mũi Họng, Bệnh viện Đa khoa Tâm Anh TP HCM, cho biết thông thường VA đạt đến kích thước tối đa lúc trẻ 5-7 tuổi, sau đó giảm dần. Đến tuổi dậy thì (12-16 tuổi), hầu hết VA nhỏ lại, mỡ ở vị trí này tiêu biến. Ở người trưởng thành, VA thường tồn tại dưới dạng tổ chức trơn láng màu hồng nhạt ở vòm họng. Nếu kích thước VA vẫn lớn gọi là VA tồn dư, có thể gây viêm nhiễm do virus, vi trùng dẫn đến viêm mũi họng kéo dài.""Hiện chưa có thống kê cụ thể VA tồn dư trên dân số chung, nhưng một nghiên cứu ở Đức cho thấy tỷ lệ VA trong dân số khoảng 2,5%"", bác sĩ Thái Duy cho biết, thêm rằng VA tồn dư ở tuổi 35 như anh Đồng ít gặp.Bác sĩ Thái Duy (bên phải) trong một ca phẫu thuật nội soi. Ảnh: Bác sĩ phẫu thuật  cho anh Đồng nhằm giảm tần suất tái viêm mũi. Phương pháp Coblator, công nghệ plasma với sóng năng lượng ở nhiệt độ thấp, giúp loại bỏ VA triệt để. Anh ăn uống bình thường sau 3-4 giờ mổ, khả năng lành thương tốt, xuất viện sau 24 giờ, tình trạng nghẹt mũi, viêm mũi họng cải thiện.Ở trẻ em, khi nội soi tai mũi họng phát hiện viêm VA quá phát, bác sĩ thường chỉ định điều trị nội khoa hoặc phẫu thuật nạo. Với người lớn, bác sĩ phân biệt viêm VA tồn dư hay u vòm (ung thư vòm). Một số trường hợp cần đánh giá giải phẫu bệnh để tránh nhầm lẫn giữa u lành và u ác.""Xác định u vòm hay VA tồn dư đôi khi gặp nhiều thử thách, chỉ có thể xác định chính xác qua giải phẫu bệnh"",  nói, thêm rằng u vòm trong giai đoạn sớm thường không biểu hiện triệu chứng, hình ảnh nội soi ban đầu chưa rõ ràng để chẩn đoán.Viêm VA tồn dư lớn nếu không điều trị kịp thời có thể gây biến chứng viêm tai giữa, viêm mũi xoang, nghẹt mũi, chảy dịch mũi, làm giảm chất lượng sống của người bệnh. Nếu triệu chứng viêm mũi họng tái lại, người bệnh nên đến bác sĩ chuyên khoa để khám, nội soi tai mũi họng, từ đó điều trị kịp thời.",Uyên Trinh,"Thứ bảy, 3/8/2024, 17:00 (GMT+7)",https://vnexpress.net/viem-mui-hong-thuong-xuyen-do-va-khong-tieu-bien-4777385.html
Những bệnh thường gây đau họng ,"Viêm, đau họng là cảm giác khó chịu tạm thời, thường do virus, vi khuẩn gây ra, xảy ra ở nhiều lứa tuổi. Đôi khi đau họng có thể là dấu hiệu của tình trạng tiềm ẩn nghiêm trọng hơn.Viêm họng nhẹ có thể tự khỏi. Trường hợp nặng do vi khuẩn như liên cầu khuẩn gây ra có nguy cơ dẫn đến biến chứng nghiêm trọng, bao gồm sốt thấp khớp (viêm nhiễm xảy ra ở tim, khớp, da và hệ thần kinh), viêm thận, hình thành áp xe. Dùng thuốc kháng sinh theo chỉ định bác sĩ để điều trị viêm họng liên cầu khuẩn giúp ngăn ngừa những biến chứng này.Đau họng dai dẳng còn dẫn đến các vấn đề về giọng nói. Trong một số trường hợp, nó có thể là triệu chứng của ung thư vòm họng. Loại ung thư này phát triển ở thanh quản, hầu họng hoặc amidan, phổ biến nhất là ở người hút thuốc hay uống nhiều rượu.Người bị đau họng dai dẳng nên đi khám chuyên khoa để đánh giá kịp thời, xét nghiệm hoặc sinh thiết để loại trừ ung thư. Phát hiện sớm giúp tăng cơ hội điều trị.Ung thư amidan ảnh hưởng đến cổ họng cùng các khu vực xung quanh. Bệnh ung thư này thường do virus u nhú ở người (HPV) và có xu hướng phổ biến hơn ở nam giới.Các triệu chứng khác của  amidan bao gồm đau tai một bên, cảm thấy một khối u trong cổ họng, sụt cân đột ngột, đau khi nuốt... Bác sĩ kiểm tra thể chất, xét nghiệm hình ảnh và thực hiện sinh thiết để xác nhận ung thư amidan. Các phương pháp điều trị thường bao gồm xạ trị, hóa trị hoặc phẫu thuật.Dị ứng có thể gây kích ứng và đau họng. Phản ứng dị ứng với các yếu tố môi trường như phấn hoa, bụi hoặc một số loại thực phẩm nhất định thường có biểu hiện đau họng. Trường hợp này cần xác định nguyên nhân gây dị ứng để có biện pháp xử lý kịp thời. thường là triệu chứng ban đầu của các bệnh truyền nhiễm như cúm, Covid-19. Các bệnh lý này không được điều trị có thể làm lây lan sang người khác. Người bệnh đi khám để xét nghiệm tìm ra nguyên nhân gây bệnh truyền nhiễm, có biện pháp phòng ngừa, cách ly người thân thích hợp.Các tình trạng mạn tính như trào ngược dạ dày thực quản (GERD) cũng có triệu chứng đau họng mạn tính do axit dạ dày kích thích cổ họng. Các bệnh tự miễn chẳng hạn như hội chứng Sjogren cũng gây khô họng và miệng mạn tính. Hội chứng Sjogren là tình trạng tự miễn liên quan đến các tuyến ngoại tiết trong cơ thể như tuyến lệ, tuyến nước bọt. Người bệnh được chẩn đoán và điều trị muộn có thể ảnh hưởng đến giọng nói. (Theo )",Nhiễm trùng ,"Thứ sáu, 19/7/2024, 14:30 (GMT+7)",https://vnexpress.net/nhung-benh-thuong-gay-dau-hong-4771957.html
Mẹo phòng đau họng ngày nắng ,"Nắng nóng mùa hè có thể gây căng thẳng cho cơ thể. Khi nhiệt độ tăng, cổ họng có thể bị khô, mất nước hoặc xuất hiện triệu chứng khó chịu như đau, ho. Dưới đây là những cách phòng ngừa đau họng trong những ngày nóng.Cách duy trì cổ họng khỏe mạnh trong mùa hè là giữ đủ nước. Khi mất nước, cơ thể không thể sản xuất đủ nước bọt và chất nhầy để bôi trơn cổ họng, dẫn đến sưng tấy, viêm nhiễm nặng hơn. Người lớn nên uống 8 ly nước mỗi ngày hoặc nhiều hơn khi hoạt động mạnh, đổ quá nhiều mồ hôi. Uống nước giúp giữ ẩm cổ họng, giảm nguy cơ kích ứng, viêm nhiễm.Làm sạch miệng và cổ họng bằng nước muối ấm 2-3 lần mỗi ngày có thể làm dịu khô, ngứa họng. Muối hỗ trợ loại bỏ chất nhầy khỏi mô bị viêm, giảm khó chịu. Pha 1/4 hoặc 1/2 thìa cà phê muối với một cốc nước ấm, sau đó súc miệng trong vài giây và nhổ ra.Bổ sung các loại quả nhiều nước vào chế độ ăn uống cũng góp phần duy trì độ ẩm cho cổ họng. Dưa hấu, dưa chuột, dâu tây, bưởi, cam cung cấp nước và các chất dinh dưỡng cần thiết cho cơ thể, là món ăn nhẹ giải khát khi nắng nóng.Bia lạnh hoặc cà phê đá là đồ uống phổ biến trong những ngày nắng nóng nhưng dễ gây mất nước nhanh. Chúng chứa cồn và caffein có khả năng hoạt động như thuốc lợi tiểu khiến quá trình bài tiết diễn ra thường xuyên hơn. Người dễ bị  nên giảm tần suất tiêu thụ những loại nước này trong mùa hè.Điều hòa không khí có thể làm khô môi trường trong phòng kín, kích thích tình trạng đau, ngứa họng. Sử dụng máy tạo độ ẩm có thể giảm nguy cơ khô họng, bảo vệ cơ thể khỏi vi khuẩn và các tác nhân gây hại trong không khí. Nên vệ sinh điều hòa và máy tạo độ ẩm thường xuyên, đảm bảo chất lượng không khí trong lành để hít thở, giảm nguy cơ mắc bệnh đường hô hấp.Máy tạo ẩm giúp tăng độ ẩm trong không khí khi nằm điều hòa. Ảnh: Nhiều người dùng trà thảo dược để phòng ngừa, cải thiện viêm họng tại nhà. Gừng, trà xanh, bạc hà, hoa cúc giàu chất chống oxy hóa, có đặc tính kháng khuẩn và chống viêm, làm dịu tình trạng đau họng. Uống trà thảo dược cũng có tác dụng bù nước cho cơ thể, duy trì độ ẩm hệ hô hấp.Mật ong giúp giảm  tại nhà tốt trong mùa hè nhờ tác dụng chống vi khuẩn, giảm viêm và đau. Mật ong có thể pha với nước ấm hoặc thêm vào trà thảo dược để tăng hiệu quả cải thiện bệnh, mùi vị thơm ngon hơn.Thư giãn và ngủ đủ giấc cũng góp phần phòng ngừa đau họng. Mất ngủ có thể kích hoạt các protein gây viêm gọi là cytokine, làm tăng nguy cơ nhiễm trùng. Thời gian nghỉ ngơi cũng là lúc cổ họng được thư giãn, bởi khi nói nhiều, nói to, hát, la hét dễ gây khó chịu, sưng tấy. (Theo )",Uống đủ nước,"Thứ tư, 3/7/2024, 10:30 (GMT+7)",https://vnexpress.net/meo-phong-dau-hong-ngay-nang-4765450.html
Các món nên ăn và tránh khi nhiệt miệng ,"Nhiệt miệng là các vết loét màu trắng trong niêm mạc miệng, họng. Các vết loét gây đau đớn, khó khi ăn, nhai, nói và nuốt. Thông thường nhiệt miệng tự khỏi mà không cần điều trị. Một số thực phẩm có thể góp phần đẩy nhanh quá trình phục hồi hoặc làm nặng thêm vết loét.Người bệnh nhiệt miệng nên ưu tiên các món như trứng luộc hoặc hấp, cá ngừ, thịt hầm, mì ống, cơm trắng nấu kỹ. Chọn rau củ như khoai tây, khoai lang, đậu Hà Lan, cà rốt, rau bina nấu thật mềm để dễ nuốt. Các món như đậu hũ, sữa và các sản phẩm từ sữa, bột yến mạch, bánh xèo, súp cũng nên ưu tiên trong giai đoạn này.Người bệnh cần tăng cường trái cây để bổ sung vitamin và khoáng chất cho cơ thể, hỗ trợ hệ miễn dịch, thúc đẩy quá trình lành thương. Một số trái cây mềm, nhiều nước nên ăn như chuối, dưa hấu, đu đủ, dưa vàng, xoài...Các món giải khát, tráng miệng có thể ăn khi bị nhiệt miệng như thạch rau câu, bánh pudding, trà không chứa caffeine, sinh tố, nước trái cây không có tính axit chẳng hạn nước ép táo. Mật ong cũng phát huy tác dụng hiệu quả trong hỗ trợ điều trị viêm loét miệng.Một số thực phẩm có thể khiến vết  nặng thêm và cơn đau trầm trọng hơn. Các loại cần tránh như thịt dai, rau sống, bánh mì giòn, khoai tây chiên, ngũ cốc khô. Thực phẩm có vị chua hoặc có tính axit, bao gồm cà chua và trái cây họ cam quýt cũng hạn chế.Người bệnh nhiệt miệng không nên ăn thức ăn mặn và cay, hạn chế quả hạch hoặc các loại hạt vì dễ kích ứng vết loét. Trái cây cứng như táo, mận, cóc, ổi, dâu tây, có thể ảnh hưởng đến vết loét, làm tăng tình trạng đau. Thực phẩm nóng bao gồm súp và đồ uống nóng, đồ uống chứa caffein như cà phê, trà đen và coca cần cắt giảm.Bên cạnh chọn thực phẩm, cách ăn uống cũng hỗ trợ giảm đau, lành thương nhanh. Người bị  nên ăn các bữa nhỏ thay vì ba bữa lớn để giảm căng thẳng cho miệng. Cắt thức ăn thành từng miếng nhỏ nhằm giảm động tác nhai. Ăn các món mềm, xay nhuyễn, chế biến nhiều sốt giúp dễ nuốt hơn.Người bệnh có thể dùng ống hút để tránh thức uống tiếp xúc với vết loét miệng. Thời gian này, người bệnh phải bỏ rượu bia, không hút thuốc lá nhằm tránh bệnh trầm trọng hơn. Súc miệng bằng nước muối, uống nhiều nước thúc đẩy vết loét nhanh lành. (Theo )",Thực phẩm nên ăn,"Chủ nhật, 28/7/2024, 08:00 (GMT+7)",https://vnexpress.net/cac-mon-nen-an-va-tranh-khi-nhiet-mieng-4774741.html
Hội chứng ngưng thở khi ngủ ,"Ngưng thở khi ngủ do tắc nghẽn xảy ra khi đường hô hấp trên bị tắc nghẽn trong khi ngủ, làm giảm hoặc ngừng hoàn toàn luồng không khí. Khoảng thời gian ngưng thở hoặc giảm thở nhiều hơn 10 giây, sau đó chuyển sang thở gấp.Ngưng thở khi ngủ có ba dạng chính gồm ngưng thở khi ngủ do tắc nghẽn (OSA), ngưng thở khi ngủ trung ương (CSA), ngưng thở khi ngủ hỗn hợp.Triệu chứng ngưng thở khi ngủ do tắc nghẽn như:Triệu chứng ngưng thở khi ngủ trung ương phổ biến như:Triệu chứng ngưng thở khi ngủ hỗn hợp có thể bao gồm cả hai loại trên.Ngưng thở khi ngủ gây rối loạn giấc ngủ, giảm nồng độ oxy trong cơ thể, khiến người bệnh đau đầu, khó tập trung, nhất là với người làm công việc yêu cầu sự tỉnh táo cao như phi công, lái xe...Hội chứng này cũng làm giảm trí nhớ và sự tập trung, rối loạn tâm trạng bao gồm cáu kỉnh, nguy cơ trầm cảm cao. không được điều trị kịp thời có thể gây biến chứng như cao huyết áp, tiểu đường, suy giảm trí nhớ, rối loạn tình dục, rối loạn hô hấp. Suy tim và đột quỵ là hệ quả nguy hiểm do ngưng thở khi ngủ với tỷ lệ tử vong cao.Mục tiêu điều trị hội chứng ngưng thở khi ngủ là giảm tình trạng tắc nghẽn đường thở giúp cải thiện giấc ngủ.Liệu pháp áp lực đường thở dương (CPAP) là một trong những phương pháp điều trị ngưng thở khi ngủ, giữ cho đường thở luôn mở với không khí có áp suất được bơm từ máy qua vòi và mặt nạ đeo trên mặt. Liệu pháp này chỉ được thực hiện theo chỉ định của bác sĩ. Áp suất không khí được điều chỉnh dựa trên kết quả của nghiệm pháp đa ký giấc ngủ.Các phương pháp điều trị khác gồm liệu pháp oxy bổ sung hoặc sử dụng thuốc để giảm phù nề mũi đối với người bệnh .Phẫu thuật vùng họng giúp mở rộng đường thở cũng là lựa chọn điều trị cho người bệnh bị hẹp eo họng làm tắc nghẽn đường thở, gây .Phòng ngừa ngưng thở khi ngủ bằng cách kiểm soát cân nặng, giữ cân nặng ở mức tiêu chuẩn, thay đổi tư thế ngủ, bỏ thuốc lá, khám sức khỏe định kỳ hai lần mỗi năm.",Yếu tố nguy cơ,"Thứ ba, 16/7/2024, 10:00 (GMT+7)",https://vnexpress.net/hoi-chung-ngung-tho-khi-ngu-4770417.html
"Có nên dùng nước muối sinh lý súc họng, rửa mũi mỗi ngày? ","Nước muối sinh lý (Natri clorid - NaCl) được pha chế với tỷ lệ 0,9%, tức một lít nước pha với 9 g muối tinh khiết. Đây là dung dịch có áp suất thẩm thấu xấp xỉ với dịch trong cơ thể người. Nước muối sinh lý được dùng để rửa mắt, mũi, súc miệng thích hợp cho mọi lứa tuổi kể cả trẻ em.Súc họng và rửa mũi bằng nước muối sinh lý giúp làm sạch niêm mạc mũi và họng, loại bỏ các chất nhầy, bụi bẩn, vi khuẩn, các tác nhân dị ứng khỏi niêm mạc mũi, họng. Nó còn có tác dụng giữ ẩm, giảm khô và hạn chế kích ứng niêm mạc mũi, họng. Súc họng, rửa mũi bằng nước muối sinh lý cũng góp phần ngăn ngừa vi khuẩn và virus phát triển, giảm nguy cơ viêm họng, viêm mũi, các bệnh nhiễm trùng hô hấp khác. Đây là biện pháp hỗ trợ giảm các triệu chứng viêm xoang, viêm mũi dị ứng, cảm lạnh và viêm họng.Bạn nên thực hiện đúng cách, chỉ nên rửa mũi, súc họng khoảng 1-2 lần mỗi ngày. Không lạm dụng nhiều lần trong ngày vì nước muối sinh lý làm sạch mũi họng sẽ vô tình làm mất đi lớp nhầy bảo vệ mũi họng vốn có, gây tổn thương niêm mạc mũi họng, dễ viêm. Bạn nên sử dụng nước muối sinh lý 0,9% (NaCl) đã được tiệt trùng và mua tại các nhà thuốc. Tránh tự pha chế do không đảm bảo điều kiện vệ sinh, không đúng tỷ lệ pha chế sẽ gây hại cho vùng niêm mạc mũi, họng.Cách  đúng là ngậm một lượng nước muối sinh lý vừa đủ với khoang miệng của mình, mỗi lần súc khoảng hai phút, trong đó ba lần đưa nước muối sinh lý xuống họng khoảng 15 giây. Khi súc, ngửa cổ lên, khò nước cho đến vùng hạ họng, thanh quản và sau cùng dùng hơi đẩy hỗn hợp lên, nhổ ra ngoài. Sau khi súc nước muối sinh lý, không súc lại bằng nước thông thường.Khi rửa mũi cần dùng kèm các dụng cụ rửa mũi (bình xịt hoặc bình rửa mũi). Đứng hoặc ngồi thẳng, nghiêng đầu sang một bên, nhẹ nhàng xịt hoặc bơm nước muối vào một  để hỗn hợp chảy ra từ mũi kia hoặc qua miệng. Lặp lại quy trình với mũi còn lại. Thực hiện nhẹ nhàng để tránh gây tổn thương niêm mạc mũi. Mỗi bình xịt, rửa mũi được dùng riêng cho từng người, không dùng chung. Một số trường hợp ù tai sau khi rửa mũi thì nên chuyển qua dạng xịt mũi với áp lực nhẹ hơn.",Trả lời:,"Thứ sáu, 12/7/2024, 08:00 (GMT+7)",https://vnexpress.net/co-nen-dung-nuoc-muoi-sinh-ly-suc-hong-rua-mui-moi-ngay-4768947.html
Hóc dị vật mũi họng - tai nạn thường gặp ở trẻ nhỏ ,"Ngày 21/6, ThS.BS.CKI Nguyễn Trung Nguyên, Trung tâm Tai Mũi Họng, Bệnh viện Đa khoa Tâm Anh TP HCM, cho biết thông tin trên, thêm rằng vào mùa hè trẻ bị hóc dị vật có xu hướng tăng. Riêng Bệnh viện Đa khoa Tâm Anh TP HCM từ giữa tháng 5 đến nay ghi nhận gần 50 trẻ khám do dị vật mũi họng, tăng 30% so với tháng trước, trong đó 80% trẻ 1-3 tuổi.Bác sĩ Nguyên lý giải trẻ nhỏ với bản tính tò mò, thích khám phá, chưa ý thức được nguy hiểm nên có thể nhét đồ vật vào mũi, họng. Nhiều trẻ chưa biết nói nên không giải thích được với người lớn triệu chứng gặp phải. Đến khi bé khóc do đau, khó thở, ho sặc sụa, đỏ mặt, phụ huynh mới phát hiện, đưa đi cấp cứu.Như bé Đăng, 1 tuổi, được đưa đến Bệnh viện Đa khoa Tâm Anh TP HCM cấp cứu trong tình trạng khóc, ho sặc sụa, mặt đỏ, vã mồ hôi. Kết quả nội soi cho thấy dị vật ở hầu họng, vùng họng sung huyết. Bác sĩ Nguyên dùng dụng cụ chuyên dụng gắp ra một ngôi sao nhỏ bằng xốp màu vàng dài khoảng 2 cm.May mắn phụ huynh đưa trẻ đến bệnh viện ngay khi vừa phát hiện dị vật. Nếu để lâu, trẻ dễ bị bít tắc đường thở, nhiễm trùng, thủng loét các vị trí xung quanh dị vật. Nguy hiểm hơn, dị vật có thể đi từ hầu họng vào thanh quản, khí quản khiến trẻ khó thở, ảnh hưởng tính mạng.Bác sĩ Nguyên tư vấn cho phụ huynh trẻ theo dõi, chăm sóc trẻ sau khi trẻ gắp dị vật. Ảnh: Tương tự, bé Thái, 3 tuổi, đang ngồi chơi ở phòng khách đột nhiên khóc thét, chảy nước mũi, than đau mũi. Nghi ngờ con nhét đồ chơi vào mũi, gia đình đưa bé đến bệnh viện kiểm tra. ThS.BS.CKI Hồ Văn Hữu, , nội soi mũi quan sát thấy dị vật ở cửa mũi trái của bé. Bác sĩ dùng dụng cụ chuyên dụng gắp ra một mảnh xếp hình lego màu xanh. Mũi bé chảy ít máu do dị vật cọ vào niêm mạc mũi gây tổn thương, máu tự cầm sau đó.Dấu hiệu dị vật ở mũi thường là trẻ quấy khóc nhiều vô cớ, có thể chỉ tay vào mũi hoặc than đau mũi. Dị vật kẹt lâu trong mũi thường dẫn đến chảy dịch mũi hôi một bên. Phụ huynh có thể trấn an trẻ, bịt một bên mũi không có dị vật và hướng dẫn trẻ xì mạnh bên có dị vật. Nếu không hiệu quả, nên đưa trẻ tới bệnh viện để bác sĩ gắp dị vật, không nên cố lấy dị vật ra vì có thể làm dị vật đẩy sâu vào trong và tổn thương niêm mạc mũi của bé.Dị vật mũi ở trẻ em nên được lấy tại phòng khám để đảm bảo an toàn. Một số trường hợp như bé quấy khóc, không hợp tác, dị vật chui sâu bên trong, bác sĩ có thể gây mê để nội soi .Bác sĩ Hữu khuyến cáo phụ huynh lưu ý đến trẻ, nhất là khi chơi đùa hoặc ăn uống, không cho tiếp xúc với các vật kích thước nhỏ như cúc áo, đồng xu, hạt giống, pin... Không để trẻ dưới ba tuổi tự chơi một mình. Không để trẻ vừa ăn vừa đùa giỡn, nhất là khi ăn trái cây dễ hóc như chôm chôm, nhãn. Cha mẹ giải thích cho trẻ hiểu, ý thức được nguy hiểm nếu nhét đồ vật vào tai, mũi, họng.",Uyên Trinh,"Thứ sáu, 21/6/2024, 09:04 (GMT+7)",https://vnexpress.net/hoc-di-vat-mui-hong-tai-nan-thuong-gap-o-tre-nho-4760859.html
Viêm amidan - bệnh dễ tái phát mùa hè ,"Ngày 15/6, ThS.BS.CKII Trần Thị Thúy Hằng, Trưởng khoa Tai Mũi Họng, Trung tâm Tai Mũi Họng, Bệnh viện Đa khoa Tâm Anh TP HCM, cho biết amidan giúp bảo vệ hệ hô hấp, chống lại các tác nhân có hại như vi khuẩn, virus, nấm mốc, bụi bẩn. Song, amidan là lớp chắn đầu tiên của hệ hô hấp nên thường xuyên tiếp xúc với vi khuẩn và virus, dễ suy yếu dẫn đến sưng, viêm.Từ giữa tháng 5 đến nay, Bệnh viện Đa khoa Tâm Anh TP HCM tiếp nhận hơn 200 trẻ viêm amidan tái phát, tăng 30% so với tháng trước, trong đó nhiều trường hợp cần phẫu thuật.Nắng nóng mùa hè kèm mưa thất thường khiến nhiệt độ thay đổi, tạo điều kiện cho vi khuẩn, virus phát triển. Trẻ thường xuyên ở phòng máy lạnh khiến niêm mạc mũi họng khô, phải thở bằng miệng, tạo cơ hội cho tác nhân gây bệnh từ môi trường xung quanh dễ dàng tấn công.Theo bác sĩ Hằng, nhiều trẻ viêm amidan quá phát, viêm VA (tổ chức lympho nằm ở nóc vòm, sau cửa mũi sau) quá phát, tái phát thường xuyên, từng được chỉ định phẫu thuật nhưng trì hoãn. Nắng nóng khiến bệnh tái phát, trẻ được nghỉ hè nên nhiều phụ huynh đưa con đi khám để cắt amidan. Đây cũng là thời điểm phù hợp để gia đình tiện chăm sóc con sau phẫu thuật. Do hậu phẫu, trẻ cần nghỉ ngơi trong hai tuần, ăn thức ăn mềm, lỏng, nguội giúp nhanh lành thương, phòng ngừa nhiễm trùng sau mổ.Như bé Tú, 4 tuổi, viêm amidan quá phát độ 4 cách đây một năm. Khoảng một tháng trước, bé tái phát bệnh, thường xuyên bỏ ăn, đau rát họng, ho, ngủ ngáy. Mẹ Tú đưa con đến bệnh viện Tâm Anh khám. Sau khi nội soi, khám lâm sàng, bác sĩ chỉ định cắt amidan nhưng gia đình đợi đến đầu tháng 6 phẫu thuật để tiện chăm sóc con sau mổ.Bác sĩ Hằng (ngoài cùng bên trái) phẫu thuật cắt amidan cho trẻ. Ảnh: Tương tự, bé Tâm, 6 tuổi, thường xuyên tái phát viêm amidan, sốt, ho, đau họng khoảng 7-8 lần mỗi năm, được chẩn đoán viêm amidan có mủ, viêm VA quá phát. Bác sĩ chỉ định phẫu thuật cách đây ba tháng. Song do trong thời điểm đi học, gia đình hoãn lại. Nắng nóng khiến amidan tái viêm, sưng to, gia đình đưa con đi khám, uống thuốc và cắt amidan trong dịp hè.Cả hai bệnh nhi được phẫu thuật bằng phương pháp Coblator công nghệ plasma để cắt bỏ ổ viêm amidan và . Bác sĩ Hằng cho biết công nghệ này ít xâm lấn, loại bỏ triệt để ổ viêm nhanh, nhẹ nhàng, không làm tổn thương các mô xung quanh.Sau 30-45 phút, các ổ viêm được loại bỏ hoàn toàn, ít đau, ít chảy máu, hạn chế nguy cơ tái phát. Hai bệnh nhi có thể ăn uống sau phẫu thuật ba giờ và xuất viện sau 24 giờ.Bác sĩ Hằng khuyến cáo người bệnh cần ăn các món lỏng, nguội, mềm trong 7 ngày sau mổ, tránh thức ăn cay, nóng và cứng. Không nói quá to, la hét và hạn chế đến nơi đông người, tránh tiếp xúc người bị cảm, viêm họng hoặc cúm trong thời gian này. Người bệnh nên duy trì vệ sinh răng miệng bằng nước muối sinh lý hàng ngày, đeo khẩu trang khi ra ngoài.Tái khám sau hai tuần phẫu thuật, tình trạng sức khỏe của hai bệnh nhi ổn định, khả năng lành thương tốt, không có triệu chứng bất thường.Trẻ dễ , nhất là trong giai đoạn 3-6 tuổi do hệ miễn dịch yếu, khả năng chống lại mầm bệnh kém. Bệnh không điều trị kịp thời và dứt điểm có thể gây ra biến chứng nguy hiểm như viêm tai giữa, viêm mũi xoang, viêm phế quản phổi, viêm cơ tim...""Không phải trường hợp viêm amidan nào cũng cần phẫu thuật"", bác sĩ Hằng nói, thêm rằng sẽ cân nhắc nhiều yếu tố như độ tuổi, nguyên nhân, mức độ viêm, mức độ ảnh hưởng đến sinh hoạt và sức khỏe. Trẻ trên 4 tuổi có thể cắt amidan vì lúc này hệ miễn dịch và sức khỏe có thể đáp ứng.Cắt amidan thường được chỉ định trong các trường hợp viêm amidan tái phát nhiều lần trong năm, amidan quá phát gây tắc nghẽn đường hô hấp trên như nuốt vướng, ngủ ngáy, hội chứng ngưng thở. Đây là biện pháp cuối cùng và tối ưu để điều trị dứt điểm tình trạng viêm.Phẫu thuật không khiến sức đề kháng của người bệnh suy giảm mà trái lại còn phòng ngừa nguy cơ bệnh nặng hơn như amidan quá phát gây ngưng thở khi ngủ, áp xe amidan, viêm amidan mạn  gây hôi miệng...Để phòng ngừa bệnh, phụ huynh cần vệ sinh răng miệng trẻ bằng nước muối sinh lý mỗi ngày, cho bé đeo khẩu trang khi ra ngoài, giữ không khí xung quanh sạch sẽ, hạn chế tiếp xúc môi trường khói bụi.",Uyên Trinh,"Thứ bảy, 15/6/2024, 08:00 (GMT+7)",https://vnexpress.net/viem-amidan-benh-de-tai-phat-mua-he-4758338.html
Cắt amidan bao lâu có thể ăn uống bình thường? ,"Phẫu thuật cắt amidan là biện pháp cuối cùng và tối ưu để điều trị dứt điểm viêm amidan tái phát liên tục. Thông thường sau phẫu thuật, con bạn cần ít nhất hai tuần để có thể ăn uống, sinh hoạt bình thường. Bác sĩ tư vấn cho người bệnh để tránh nhiễm trùng sau mổ, tăng khả năng lành thương.Sau phẫu thuật hai ngày, bạn cho con uống sữa nguội, ăn cháo loãng, dễ nuốt, tránh ảnh hưởng đến vết mổ, giảm sưng đau, tăng khả năng lành thương. Từ ngày 2 đến ngày 7, bé có thể ăn súp, cháo nguội với thịt băm, uống nước suối. Từ ngày 8 đến ngày 14, bé ăn cơm mềm với thức ăn được cắt nhỏ, nấu chín mềm, bún, miến và phở nguội. Sau 15 ngày, người bệnh ăn uống bình thường trở lại.Sau cắt amidan nên tránh thức ăn chua, cay, nóng, giòn vì dễ gây tổn thương vết mổ. Người bệnh không dùng thức uống có gas, có cồn như nước ngọt, bia, rượu, không hút thuốc lá. Cồn làm thay đổi tính thấm của niêm mạc, phá hủy lớp lipid bề mặt có tác dụng bảo vệ niêm mạc, tác động tiêu cực đến quá trình lành thương sau . Không uống nước ép cam, nước ép bưởi vì chất axit trong các loại nước ép này làm cổ họng sau mổ bị tổn thương.Bạn nên cho con nghỉ ngơi sau hai tuần phẫu thuật, không vận động mạnh. Bé cũng cần tránh tham gia các hoạt động thể chất nặng vì dễ tăng huyết áp, gây chảy máu vết thương, ảnh hưởng đến quá trình lành thương.Người bệnh  nên vệ sinh họng bằng cách ngậm nước muối, không súc họng sau khi ăn. Người bệnh nạo VA có thể dùng nước muối sinh lý xịt mũi 3-4 lần mỗi ngày. Hơi thở có thể có mùi hôi sau nạo VA, người bệnh nên tiếp tục xịt rửa mũi để giảm đọng dịch nhầy trong mũi. Tránh ho khạc mạnh làm tổn thương, kích ứng vùng mổ gây chảy máu, ảnh hưởng đến quá trình lành thương.Để vết mổ nhanh lành, bạn nên cho con hạn chế đến nơi đông người, nơi khói bụi, không tiếp xúc với người bệnh cảm cúm, viêm mũi họng. Nếu ở phòng máy lạnh nên có thiết bị cung cấp độ ẩm để cổ họng không bị khô rát.Người bệnh sau phẫu thuật cần tuân thủ điều trị của bác sĩ và tái khám theo lịch hẹn. Nếu có triệu chứng sốt cao, sốt trên hai ngày không bớt, nước bọt có nhiều máu đỏ tươi, người bệnh nên đến viện ngay để bác sĩ theo dõi và xử lý kịp thời.",Trả lời:,"Thứ hai, 24/6/2024, 08:00 (GMT+7)",https://vnexpress.net/cat-amidan-bao-lau-co-the-an-uong-binh-thuong-4761724.html
,,,,https://vnexpress.net/suc-khoe/cac-benh/benh-tai-mui-hong/hong-thanh-quan-p4
,,,,https://vnexpress.net
Mất giọng do polyp dây thanh quản ,"Anh Hải, ngụ Đăk Lăk, bị polyp dây thanh quản (khối u ở dây thanh) cách đây hai năm. Bác sĩ khuyên hạn chế nói nhiều nhưng do làm tư vấn sản phẩm, anh thường phải nói nhiều.Gần đây, anh mất giọng, hụt hơi liên tục, hiệu quả công việc giảm sút, đến Bệnh viện Đa khoa Tâm Anh TP HCM khám. Kết quả nội soi thanh quản cho thấy polyp ở dây thanh quản trái, kích thước khoảng 0.5 cm.Ngày 28/5, thạc sĩ, bác sĩ CKI Diệp Phúc Anh, Trung tâm Tai Mũi Họng, cho biết polyp thanh quản phát triển to có thể gây khó thở nên người bệnh cần phẫu thuật sớm.Bác sĩ Phúc Anh phẫu thuật nội soi vi phẫu thanh quản, sử dụng ống nội soi thanh quản để cắt trọn polyp, cầm máu tại chỗ, hạn chế tối đa tổn thương đến các cấu trúc bình thường trong 30 phút.Bác sĩ Phúc Anh và ê kíp phẫu thuật cắt polyp dây thanh cho anh Hải. Ảnh: Tái khám sau hai tuần, anh Hải giảm khàn, nói chuyện không còn hụt hơi, giọng cải thiện khoảng 80-90%, dây thanh lành thương tốt. Kết quả giải phẫu polyp lành tính.Sau phẫu thuật, người bệnh cần kiêng nói tối thiểu hai tuần; tránh nói nhiều, nói to; uống đủ hai lít nước mỗi ngày; không lạm dụng chất kích thích. Hạn chế thức ăn cay, nóng; vệ sinh họng bằng dung dịch nước muối cũng giúp dây thanh hồi phục tốt.Polyp dây thanh thường lành tính, kích thước to hoặc nhỏ, có cuống hoặc không cuống. Không phải tất cả trường hợp  đều phải điều trị bằng phẫu thuật. Tùy theo mức độ, giai đoạn bệnh, bác sĩ chỉ định phương pháp phù hợp. Sau phẫu thuật, khối polyp được làm giải phẫu bệnh để xác định bản chất của tổn thương.Rối loạn giọng là triệu chứng xuất hiện của polyp dây thanh. Bác sĩ Phúc Anh giải thích nguyên nhân do hai dây thanh âm không khép kín được, rung động không đều. Mức độ rối loạn giọng phụ thuộc vào kích thước, polyp càng to thì càng làm cho khoảng hở thanh môn (khoảng không gian giữa các dây thanh âm) khi phát âm rộng hơn. Do đó, khi nói, người bệnh  nhiều hơn và hụt hơi.Nội soi thanh quản có thể phát hiện sớm polyp dây thanh. Người bị khàn tiếng hơn một tháng nên đi khám  để nội soi kiểm tra, có thể điều trị từ sớm.Để phòng ngừa nguy cơ polyp dây thanh, bác sĩ Phúc Anh khuyến cáo hạn chế nói nhiều, nói to, la hét, hát liên tục; giảm hút thuốc, hạn chế đồ uống chứa caffeine và rượu bia; uống đủ nước. Kiểm soát bệnh trào ngược dạ dày thực quản bằng cách dùng bữa đúng giờ, không ăn khuya để tránh axit làm tổn thương thanh quản. Người thường xuyên tiếp xúc với hóa chất độc hại, ô nhiễm nên đeo khẩu trang phòng hộ và vệ sinh mũi họng.",Uyên Trinh,"Thứ ba, 28/5/2024, 18:00 (GMT+7)",https://vnexpress.net/mat-giong-do-polyp-day-thanh-quan-4751454.html
Nam nói giọng nữ chữa như thế nào? ,"Giọng nói là kết quả của sự rung động hai dây thanh âm bên trong thanh quản vùng cổ. Khi nói, không khí từ phổi đẩy lên và đi qua hai dây thanh âm. Dây thanh âm được kéo lại gần nhau, rung lên và tạo ra âm thanh. Để âm thanh phát ra bình thường khi nói, các dây thanh âm cần hoạt động nhịp nhàng. Bất cứ điều gì cản trở chuyển động hoặc sự tiếp xúc của các dây thanh âm đều có thể gây rối loạn giọng nói.Trẻ mới sinh, dây thanh âm dài khoảng 0,6-0,8 cm và phát triển dần khi trưởng thành. Dây thanh âm của nam giới ở độ tuổi trưởng thành thường dài 1,75-2,5 cm, trong khi của nữ là 1,25-1,75 cm. Dây thanh âm càng dày và dài thì tần số khi phát âm càng giảm, giọng càng trầm. Giọng nữ có tần số khoảng 210 Hz, còn nam có tần số thấp hơn, khoảng 120 Hz. Sự khác biệt về cấu trúc của dây thanh ở nam và nữ tạo nên sự khác biệt về giọng nói.Nam giới dù đã thay đổi thể chất ở tuổi dậy thì nhưng giọng vẫn cao như phụ nữ thường là do rối loạn giọng nói. Đây là tình trạng giọng nói thay đổi khác thường về đặc tính như tần số, cường độ, âm sắc, chất lượng giọng nói.Rối loạn giọng nói có thể do nhiều nguyên nhân như viêm thanh quản, liệt dây thanh âm, polyp, hạt xơ hay u nang thanh quản, ung thư thanh quản... Tình trạng này còn có thể liên quan đến vấn đề tâm lý như bối rối, lo lắng, căng thẳng hoặc những thay đổi nội tiết ở tuổi dậy thì, thai kỳ. Lúc này, nam giới có khuynh hướng duy trì giọng nói cao như trước đây dù đã trải qua những thay đổi về sinh lý. Nam giới bị rối loạn giọng nói, các dây thanh quản có thể đã trải qua những thay đổi ở tuổi dậy thì nhưng tần số giọng vẫn cao.Bạn nên đến chuyên khoa tai mũi họng để bác sĩ chẩn đoán chính xác có bị thay đổi giọng từ nam sang giọng nữ hay không, mức độ nặng hay nhẹ, có do tổn thương trên dây thanh âm không.Tại Bệnh viện Đa khoa Tâm Anh TP HCM, bác sĩ nội soi tai mũi họng, nội soi hoạt nghiệm thanh quản, phân tích giọng nói để quan sát hình ảnh phóng đại của  khi người bệnh phát âm. Từ đó, bác sĩ xác định nguyên nhân và có phương pháp điều trị phù hợp.Nếu có những bất thường về hình thể dây thanh âm, người bệnh cần được phẫu thuật để can thiệp. Nếu không có bất thường về cấu trúc của dây thanh âm, người bệnh được điều trị bằng phương pháp trị liệu giọng nói. Phương pháp này giúp người bệnh hiểu được chức năng của dây thanh âm, đánh giá cao độ của giọng nói, xác định cao độ mong muốn đạt được sau trị liệu, theo dõi sự thay đổi về độ cao, tần số giọng nói.Nam giới trưởng thành có giọng nói như phụ nữ thường mặc cảm, tự ti, ngại giao tiếp. Nếu bạn cảm thấy giọng nói có vấn đề nên chủ động đi khám để có biện pháp điều chỉnh.  có thể kéo dài suốt đời, ảnh hưởng đáng kể đến chất lượng cuộc sống.Nếu nghi ngờ trẻ vị thành niên bị rối loạn giọng nói, phụ huynh nên đưa con đi khám sớm. Độ tuổi này, điều chỉnh rối loạn giọng nói thường có tỷ lệ thành công cao hơn và nhanh chóng phục hồi. Càng lớn tuổi, khi giọng nói đã cố định, điều chỉnh luyện giọng sẽ khó hơn nhiều.",Trả lời:,"Thứ ba, 6/8/2024, 08:00 (GMT+7)",https://vnexpress.net/nam-noi-giong-nu-chua-nhu-the-nao-4778128.html
Ngủ ngáy có phải là bệnh? ,"Ngủ ngáy là tình trạng các mô mềm ở vòm họng rung lên khi có luồng không khí đi qua, tạo thành âm thanh trong lúc ngủ. Tiếng ngáy có thể từ rất nhỏ đến lớn, ảnh hưởng đến những người xung quanh.Ngủ ngáy có thể do sinh lý hoặc bệnh lý. Ngủ ngáy thỉnh thoảng xảy ra sau một ngày làm việc quá sức, sau khi uống rượu bia quá nhiều, tư thế ngủ không đúng. Ngủ ngáy cải thiện sau khi không có các yếu tố này thì thường là do sinh lý. Ngủ ngáy lớn tiếng, thường xuyên và liên tục xuất hiện kèm khó thở, ngưng thở, đau đầu, mệt mỏi khi thức dậy... là dấu hiệu của bệnh lý, cần được đánh giá, điều trị bởi bác sĩ chuyên khoa.Các bệnh lý dẫn đến ngủ ngáy gồm , quá phát cuốn mũi, polyp mũi, khối u vùng vòm, viêm amidan quá phát, dài màn hầu, đáy lưỡi to, viêm VA quá phát, béo phì... Ngủ ngáy còn là triệu chứng của hội chứng ngưng thở khi ngủ do tắc nghẽn. Bệnh không được điều trị kịp thời có thể gây biến chứng như cao huyết áp, tiểu đường, suy giảm trí nhớ, rối loạn tình dục, tai nạn sinh hoạt, đột quỵ... Người bệnh thường được chỉ định đo đa ký hô hấp hoặc đo đa ký giấc ngủ để chẩn đoán và đánh giá mức độ bệnh.Người ngủ ngáy đơn thuần và không bị ngưng thở khi ngủ nên thay đổi lối sống như giảm cân, tập luyện thể thao, tránh hút thuốc lá, không uống rượu bia và uống thuốc an thần, thay đổi tư thế ngủ... để cải thiện tình trạng.Đối với người bệnh ngưng thở khi ngủ tắc nghẽn, có hai phương pháp . Một là dùng máy thở CPAP tại nhà dưới sự theo dõi từ xa của bác sĩ. Thiết bị này tạo ra luồng không khí với áp suất vừa đủ để giữ cho đường hô hấp trên luôn thông thoáng. Hai là phẫu thuật. Phẫu thuật giúp thông thoáng đường thở, giảm ngáy. Tuy nhiên, không phải người bệnh nào ngủ ngáy cũng cần phẫu thuật.Nếu được chẩn đoán đúng nguyên nhân và có phương pháp điều trị phù hợp, ngủ ngáy có thể điều trị dứt điểm. Chồng bạn nên đến bệnh viện có chuyên khoa tai mũi họng để bác sĩ khám, chẩn đoán và tư vấn phù hợp.",Trả lời:,"Thứ bảy, 29/6/2024, 07:00 (GMT+7)",https://vnexpress.net/ngu-ngay-co-phai-la-benh-4763644.html
Người lớn tuổi có phẫu thuật amidan được không? ,"Amidan là hai khối mô hình bầu dục nằm ở phía sau cổ họng, giúp bảo vệ cơ thể chống lại vi khuẩn và virus xâm nhập qua đường hô hấp. Viêm amidan xảy ra khi khối này viêm hoặc nhiễm trùng.Viêm amidan do nhiễm trùng thường kéo dài hơn hai tuần, tái lại nhiều lần trong năm. Triệu chứng gồm sốt, nuốt vướng, đau nhức cơ thể, ho kéo dài, đau rát cổ họng, khàn giọng, mất giọng. Người bệnh viêm amidan mạn tính có thể bị miệng hôi, ngủ ngáy, ngưng thở khi ngủ.Điều trị nội khoa với thuốc kháng sinh là phương pháp đầu tiên để điều trị viêm amidan mạn tính. Phẫu thuật là phương pháp cuối cùng và tối ưu để điều trị dứt điểm bệnh. Phẫu thuật cắt amidan được chỉ định khi viêm amidan tái phát nhiều lần trong năm, amidan quá phát gây tắc nghẽn đường hô hấp trên, áp xe quanh amidan. Người bệnh viêm amidan hốc mủ, amidan có sỏi hoặc nghi ngờ ác tính... cũng được chỉ định phẫu thuật.Hiện, phẫu thuật bằng phương pháp Coblator công nghệ plasma ít xâm lấn, loại bỏ triệt để ổ viêm nhanh, nhẹ nhàng, không làm tổn thương các mô xung quanh. Bác sĩ cân nhắc nhiều yếu tố như độ tuổi, nguyên nhân, mức độ viêm, mức độ ảnh hưởng đến sinh hoạt và sức khỏe người bệnh để chỉ định .Tuổi tác thường không phải là yếu tố chống chỉ định của phẫu thuật cắt amidan. Tuy nhiên, người bệnh trên 45 tuổi, amidan bắt đầu xơ hóa, dính vào mô xung quanh, khiến ranh giới  không rõ ràng và thường kèm theo bệnh lý khác, nguy cơ biến chứng chảy máu sau mổ cao. Tăng huyết áp có thể là yếu tố nguy cơ tăng chảy máu trong và sau mổ.Với người lớn tuổi như trường hợp của bác, để đưa ra chỉ định phẫu thuật, bác sĩ đánh giá các yếu tố nguy cơ, lợi ích, rủi ro, tình trạng sức khỏe cụ thể, các bệnh nền nếu có, thuốc đang sử dụng. Bác nên đến bệnh viện có chuyên khoa tai mũi họng để bác sĩ kiểm tra tình trạng bệnh và điều trị phù hợp.",Trả lời:,"Chủ nhật, 30/6/2024, 08:00 (GMT+7)",https://vnexpress.net/nguoi-lon-tuoi-co-phau-thuat-amidan-duoc-khong-4763918.html
Vết loét do nhiệt miệng có khác ung thư lưỡi? ,"Nhiệt miệng (viêm loét miệng) là những ổ loét nông, nhỏ trên bề mặt niêm mạc khoang miệng, lưỡi, nướu... gây đau rát, khó khăn cho người bệnh ăn uống, sinh hoạt. Vết loét có hình tròn hay bầu dục, đáy màu trắng hoặc vàng nhạt, viền màu đỏ. Nhiệt miệng thường lành tính, tự khỏi sau 7-10 ngày. Một số trường hợp cần điều trị bằng thuốc đặc trị, cải thiện chế độ ăn uống và nghỉ ngơi hợp lý để vết loét nhanh lành.Dấu hiệu của nhiệt miệng thường là những vết loét màu trắng ở lưỡi, môi, lợi hay má trong, song nhanh hết, không gây triệu chứng toàn thân. Đôi khi nhiệt miệng nặng dẫn đến nhiễm trùng, có thể gây sốt nhưng thường hết nếu được điều trị.Dấu hiệu ung thư lưỡi bắt đầu bằng những vết loét kéo dài ở khoang miệng, nhất là lưỡi. Sau đó, chúng phát triển thành các ổ loét kích thước to, tổn thương nặng, có mủ, dễ chảy máu khi có va chạm nhẹ. Những trường hợp này điều trị thường không đáp ứng hoặc chỉ đáp ứng một phần, vết loét ngày càng lớn.Khác với nhiệt miệng, ung thư lưỡi là bệnh ác tính. Nó thường đi kèm với các triệu chứng toàn thân như mệt mỏi, sút cân không rõ nguyên nhân, cơ thể suy kiệt, sốt kéo dài; nhai nuốt, nói chuyện, cử động lưỡi khó khăn.Triệu chứng ung thư lưỡi giai đoạn đầu không đặc trưng như , dễ bị bỏ qua. Bệnh có thể được điều trị bằng phương pháp phẫu thuật, hóa trị, xạ trị tùy trường hợp. Khả năng kiểm soát bệnh khoảng 90% ở giai đoạn một, 70% trong giai đoạn hai và 50% với giai đoạn ba. Phát hiện bệnh càng sớm, chữa càng dễ, hiệu quả cao.Trường hợp của bạn, nếu vết loét ở các vị trí khác nhau, tái lại, giữa các đợt vết loét khỏi hoàn toàn thì ít nghĩ đến ung thư lưỡi. Để chắc chắn và điều trị hiệu quả, bạn nên đến bác sĩ  khám. Bác sĩ sẽ hỏi bệnh và khám lâm sàng, làm các xét nghiệm liên quan để chẩn đoán, điều trị phù hợp.",Trả lời:,"Thứ hai, 29/7/2024, 17:00 (GMT+7)",https://vnexpress.net/vet-loet-do-nhiet-mieng-co-khac-ung-thu-luoi-4775220.html
Bệnh ngủ ngáy và cách điều trị ,"Ngủ ngáy khiến bạn giảm chất lượng cuộc sống, ngủ không sâu, thường tỉnh giấc giữa đêm, ngộp thở, ngáy to ảnh hưởng đến người xung quanh. Đây là lý do nhiều người tìm cách điều trị dứt điểm ngủ ngáy.Ngày 1/8, ThS.BS.CKI Phạm Thị Phương, Bệnh viện Đa khoa Tâm Anh TP HCM, cho biết hiện mỗi tháng Trung tâm Tai Mũi Họng điều trị hơn 400 người bệnh ngủ ngáy, tăng 20-30% so với cùng kỳ năm ngoái. Nguyên nhân gây bệnh đa dạng như tắc nghẽn vùng mũi họng, thừa cân, béo phì... Ngoài ra, yếu tố khác làm tăng nguy cơ ngủ ngáy như lớn tuổi, uống rượu, hàm nhỏ, nam giới, phụ nữ tiền mãn kinh...Ngủ ngáy sinh lý do làm việc quá sức, sau khi uống rượu bia, tư thế ngủ không phù hợp là tình trạng bình thường, theo bác sĩ Phương. Tuy nhiên, ngủ ngáy lớn tiếng, liên tục kèm ngừng thở, giảm thở, đau đầu, mệt mỏi khi thức dậy... có thể là dấu hiệu lệch vách ngăn mũi, quá phát cuốn mũi, polyp mũi, khối u vùng vòm, viêm amidan quá phát, lưỡi to, hẹp eo họng... Hội chứng ngưng thở khi ngủ do tắc nghẽn cũng có triệu chứng này.Như anh Vũ, 40 tuổi, ngủ ngáy to, ban đầu tưởng do di truyền không chữa hết nên không đi khám. Lâu dần ngáy kèm triệu chứng mệt, buồn ngủ vào ban ngày, đau đầu và đau họng khi thức dậy, khó tập trung, anh đến Bệnh viện Đa khoa Tâm Anh TP HCM kiểm tra.Kết quả nội soi tai mũi họng, đo đa ký hô hấp cho thấy anh Vũ mắc chứng ngưng thở khi ngủ do tắc nghẽn (OSA). Đây là các cơn tắc nghẽn đường hô hấp trên toàn phần hoặc một phần khi ngủ, lặp đi lặp lại. Anh còn bị lệch vách ngăn mũi, , hẹp eo họng, viêm amidan quá phát làm đường thở không được thông thoáng... Amidan sưng to chèn ép đường thở vùng họng. Tất cả bệnh lý này đều gây ngủ ngáy.Bác sĩ Phương phẫu thuật cho bệnh nhân xử lý tình trạng lệch vách ngăn mũi, , chỉnh hình cuốn mũi dưới và họng màn hầu lưỡi gà. Anh tái khám sau hai tuần, các triệu chứng trên cải thiện đáng kể.Bác sĩ Phương (phải) phẫu thuật nội soi điều trị ngủ ngáy cho một người bệnh. Ảnh: Tương tự, bé Ân, 10 tuổi, ngủ ngáy to, thở bằng miệng, thường viêm họng, sốt, bác sĩ Phương chẩn đoán viêm amidan quá phát độ 4, viêm VA quá phát, điều trị nội khoa không cải thiện. Bác sĩ phẫu thuật cắt amidan cho bé vì nếu để lâu, amidan có nguy cơ trở thành ổ nhiễm trùng, tái phát nhiều lần, cản trở đường thở khiến ngủ ngáy, nguy cơ biến chứng. Hai tuần sau, bé không còn ngủ ngáy, viêm đường hô hấp cải thiện, khả năng lành thương tốt.Không phải trường hợp nào ngủ ngáy cũng phải phẫu thuật, theo bác sĩ Phương. Phương pháp này được chỉ định khi người bệnh bị tắc nghẽn ngoại biên gây ngưng thở khi ngủ, điều trị nội khoa không đáp ứng. Tùy triệu chứng của người bệnh, bác sĩ khám lâm sàng, nội soi tai mũi họng để đánh giá tắc nghẽn đường thở. Bác sĩ chuyên khoa tai mũi họng đo đa ký hô hấp, thu thập các chỉ số liên quan như số lần ngưng, giảm thở trong đêm, lượng oxy trong máu, số lần ngáy, nhịp thở...""Đo đa ký hô hấp là phương pháp vàng giúp chẩn đoán nguyên nhân ngủ ngáy, nhất là ngưng thở khi ngủ"", bác sĩ Phương nói. Từ kết quả chỉ số ngưng thở, giảm thở khi ngủ trong vòng một giờ (AHI), bác sĩ đánh giá về mức độ ngưng thở khi ngủ và điều trị thích hợp.Người  có thể được điều trị bằng máy thở áp lực dương liên tục (CPAP). Phương pháp này giúp tăng kích thước của đường hô hấp trên, ngăn ngừa hẹp hoặc xẹp đường hô hấp trên trong khi ngủ. Hiện, có thêm phương pháp phẫu thuật giảm thể tích vùng đáy lưỡi hoặc cấy điện thần kinh kích hoạt cơ vùng họng hoạt động lúc ngủ, mở rộng eo họng để giảm ngáy, cải thiện giấc ngủ, ngưng thở khi ngủ của bệnh nhân.Để giảm ngủ ngáy không ngưng thở khi ngủ, bác sĩ khuyến cáo người bệnh nên ăn uống khoa học, duy trì cân nặng hợp lý, bỏ hút thuốc lá, rượu bia, kê cao đầu khi ngủ. Điều trị triệt để các bệnh mũi họng, khám sức khỏe định kỳ hai lần mỗi năm.",Uyên Trinh,"Thứ năm, 1/8/2024, 09:00 (GMT+7)",https://vnexpress.net/benh-ngu-ngay-va-cach-dieu-tri-4776375.html
Chăm sóc sau phẫu thuật lệch vách ngăn mũi thế nào ,"Phẫu thuật chỉnh hình vách ngăn mũi là phương pháp đưa vách ngăn về chính giữa, phân chia lại hốc mũi, giúp đường thở thông thoáng, giảm các triệu chứng như nghẹt mũi kéo dài, chảy máu mũi, ngủ ngáy...Bác sĩ thường cân nhắc chỉ định phẫu thuật khi lệch vách ngăn mũi gây ra các triệu chứng khó chịu, dai dẳng, ảnh hưởng đến sinh hoạt và chất lượng sống người bệnh. Phương pháp điều trị khác nhau với từng trường hợp.Sau phẫu thuật 2-3 ngày, người bệnh có thể nghẹt mũi, chảy một ít dịch lẫn máu cũ từ mũi, cảm thấy mệt mỏi. Tuy nhiên, những triệu chứng này thường giảm dần. Quá trình hồi phục vách ngăn mũi thường kéo dài khoảng 7 ngày hoặc hơn.Sau phẫu thuật, bạn nên tuân thủ hướng dẫn của bác sĩ, ăn uống đầy đủ chất dinh dưỡng, giữ vệ sinh sạch sẽ mũi họng để phòng ngừa các bệnh vùng mũi họng. Xịt hoặc bơm rửa mũi bằng nước muối sinh lý ba lần mỗi ngày. Giữ mũi và vết mổ khô, sạch.Hạn chế chạm vào vết thương, không tự ý rút bất cứ gì trong mũi, không ngoáy và không . Tránh những tác động mạnh hay va chạm vùng mũi ít nhất 3-4 tuần sau phẫu thuật. Nên nằm tư thế đầu cao hơn thân người để hạn chế chảy máu.Ngày đầu sau , bạn cần nghỉ ngơi, ăn cháo, thức ăn mềm, dễ tiêu. Ngày thứ hai trở đi, bạn có thể ăn uống bình thường. Không dùng rượu bia, thuốc lá hay các chất kích thích. Người bệnh cần uống thuốc đúng liều, theo toa bác sĩ, tái khám theo đúng lịch hẹn.Để tránh ảnh hưởng đến vết mổ, trong ba tuần sau phẫu thuật, bạn không nên bơi lội, không tập thể dục gắng sức, tránh vận động mạnh, kiêng quan hệ tình dục. Bạn có thể đi bơi ở tuần thứ 4 sau phẫu thuật. 3-4 ngày sau phẫu thuật là thời điểm an toàn để quay trở lại công việc, song không được làm việc ở môi trường khói bụi, ô nhiễm.",Trả lời:,"Thứ tư, 3/7/2024, 11:00 (GMT+7)",https://vnexpress.net/cham-soc-sau-phau-thuat-lech-vach-ngan-mui-the-nao-4765588.html
